json_file_name,watch_url
L01_V001.json,https://youtube.com/watch?v=HNsRpkryGXA
L01_V002.json,https://youtube.com/watch?v=f4mLZEqyaCI
L01_V003.json,https://youtube.com/watch?v=13fm6nkNcAQ
L01_V004.json,https://youtube.com/watch?v=OPWP2_g1awM
L01_V005.json,https://youtube.com/watch?v=42iV2WKuaNg
L01_V006.json,https://youtube.com/watch?v=PWQjrFfa9Xo
L01_V007.json,https://youtube.com/watch?v=BIxT8idWpyU
L01_V008.json,https://youtube.com/watch?v=5gWk2sfnOhg
L01_V009.json,https://youtube.com/watch?v=QX1jwWnkGbE
L01_V010.json,https://youtube.com/watch?v=R_WopB-K6w8
L01_V011.json,https://youtube.com/watch?v=uqsYCB9MBKM
L01_V012.json,https://youtube.com/watch?v=L5Aj01HO_Ao
L01_V013.json,https://youtube.com/watch?v=wx-uqWtOKxU
L01_V014.json,https://youtube.com/watch?v=riF5DrcIeZU
L01_V015.json,https://youtube.com/watch?v=sSm1YV9Z6r4
L01_V016.json,https://youtube.com/watch?v=FL7ZfZdZS5E
L01_V017.json,https://youtube.com/watch?v=6u_cYl4n6l0
L01_V018.json,https://youtube.com/watch?v=GiEczVQV0GM
L01_V019.json,https://youtube.com/watch?v=IB5QOM506iw
L01_V020.json,https://youtube.com/watch?v=3CwaVNKgo80
L01_V021.json,https://youtube.com/watch?v=0WbTYE4l9Ms
L01_V022.json,https://youtube.com/watch?v=D-QJOLZM3Io
L01_V023.json,https://youtube.com/watch?v=2JwaY5-yyLI
L01_V024.json,https://youtube.com/watch?v=sp_6kWffdW8
L01_V025.json,https://youtube.com/watch?v=IwZ7O_Bo0tQ
L01_V026.json,https://youtube.com/watch?v=9PdxOt2am_8
L01_V027.json,https://youtube.com/watch?v=SA6pbTTQ_rA
L01_V028.json,https://youtube.com/watch?v=cJqije9cjEY
L01_V029.json,https://youtube.com/watch?v=uX5cXDHP9Cs
L01_V030.json,https://youtube.com/watch?v=_94KJv1J4yk
L01_V031.json,https://youtube.com/watch?v=NlBF6KtX3P0
L02_V001.json,https://youtube.com/watch?v=7EDyaNggOMM
L02_V002.json,https://youtube.com/watch?v=s2OP6wppymI
L02_V003.json,https://youtube.com/watch?v=_NR33BJomis
L02_V004.json,https://youtube.com/watch?v=RbosxSaNlLw
L02_V005.json,https://youtube.com/watch?v=vkzpvpLCCZ0
L02_V006.json,https://youtube.com/watch?v=Rcc5Co2guVs
L02_V007.json,https://youtube.com/watch?v=d-nQe8fld00
L02_V008.json,https://youtube.com/watch?v=5rNIZbgfrdk
L02_V009.json,https://youtube.com/watch?v=UXOk0o2xdQA
L02_V010.json,https://youtube.com/watch?v=ki9uHdJouZA
L02_V011.json,https://youtube.com/watch?v=dKxK99vWSYs
L02_V012.json,https://youtube.com/watch?v=cxPjD9MU_PM
L02_V013.json,https://youtube.com/watch?v=8WxPrsR8R5A
L02_V014.json,https://youtube.com/watch?v=7OsK6ja_gnk
L02_V015.json,https://youtube.com/watch?v=sbbdlISnuFQ
L02_V016.json,https://youtube.com/watch?v=UjHR04iU1qE
L02_V017.json,https://youtube.com/watch?v=UB-2wyspy5o
L02_V018.json,https://youtube.com/watch?v=GCMC9JyvtyU
L02_V019.json,https://youtube.com/watch?v=s3SdX1-edD8
L02_V020.json,https://youtube.com/watch?v=nhW08zFKI_M
L02_V021.json,https://youtube.com/watch?v=8ttDiCy4fkI
L02_V022.json,https://youtube.com/watch?v=5QYG5dYWpdc
L02_V023.json,https://youtube.com/watch?v=hksjmcFL1Eg
L02_V024.json,https://youtube.com/watch?v=xF0ZL0n9mk0
L02_V025.json,https://youtube.com/watch?v=--wr6uava04
L02_V026.json,https://youtube.com/watch?v=JWYP_BtxhoY
L02_V027.json,https://youtube.com/watch?v=OPMJJz1bTg4
L02_V028.json,https://youtube.com/watch?v=msFbTgVZI8s
L02_V029.json,https://youtube.com/watch?v=zW9XbqGvdNw
L02_V030.json,https://youtube.com/watch?v=GmgScjN59Hk
L03_V001.json,https://youtube.com/watch?v=0N4ZNT2y7mc
L03_V002.json,https://youtube.com/watch?v=nKE6DD9meoQ
L03_V003.json,https://youtube.com/watch?v=g-rcAOEZvn8
L03_V004.json,https://youtube.com/watch?v=UTEF5usn0a8
L03_V005.json,https://youtube.com/watch?v=OGxSXvrkCGg
L03_V006.json,https://youtube.com/watch?v=a8o4VgsPlJE
L03_V007.json,https://youtube.com/watch?v=Yp0GysJbPsE
L03_V008.json,https://youtube.com/watch?v=o_YkNtaHIVo
L03_V009.json,https://youtube.com/watch?v=aot9ptxDCGw
L03_V010.json,https://youtube.com/watch?v=gW3nvGL1xXE
L03_V011.json,https://youtube.com/watch?v=3P3JBQpzns4
L03_V012.json,https://youtube.com/watch?v=ts9I-04TyN0
L03_V013.json,https://youtube.com/watch?v=QXjNXz14QhM
L03_V014.json,https://youtube.com/watch?v=EmScv1cVS7Q
L03_V015.json,https://youtube.com/watch?v=ZEvt-u1KvvA
L03_V016.json,https://youtube.com/watch?v=60TburD0fO4
L03_V017.json,https://youtube.com/watch?v=ifOnmSvnFzA
L03_V018.json,https://youtube.com/watch?v=6EnLBpz64ks
L03_V019.json,https://youtube.com/watch?v=v1YyJHJaZ3c
L03_V020.json,https://youtube.com/watch?v=_Rg4A_TE7H8
L03_V021.json,https://youtube.com/watch?v=p3FFYEZtYx0
L03_V022.json,https://youtube.com/watch?v=pP1nLF3dwy4
L03_V023.json,https://youtube.com/watch?v=g0ZhGTnovG4
L03_V024.json,https://youtube.com/watch?v=qXVkAnQVp3o
L03_V025.json,https://youtube.com/watch?v=EmyLvxwda7Y
L03_V026.json,https://youtube.com/watch?v=1o95mi6MZv8
L03_V027.json,https://youtube.com/watch?v=7-RLqnF2s6U
L03_V028.json,https://youtube.com/watch?v=tq5SGXQ2s2Y
L03_V029.json,https://youtube.com/watch?v=fsOttNpSpT0
L03_V030.json,https://youtube.com/watch?v=aOBKyVKTIcU
L03_V031.json,https://youtube.com/watch?v=hwGV-RcBVTI
L04_V001.json,https://youtube.com/watch?v=JrB3H75hCgo
L04_V002.json,https://youtube.com/watch?v=m3zr2pBf5qc
L04_V003.json,https://youtube.com/watch?v=pBHKO7XCNUc
L04_V004.json,https://youtube.com/watch?v=dOMDX5PBD6k
L04_V005.json,https://youtube.com/watch?v=qn3SRXmlE8c
L04_V006.json,https://youtube.com/watch?v=43wtN9eL1hU
L04_V007.json,https://youtube.com/watch?v=bkqfWzRXRuk
L04_V008.json,https://youtube.com/watch?v=9seJurxitcM
L04_V009.json,https://youtube.com/watch?v=GWEyvAmqqu4
L04_V010.json,https://youtube.com/watch?v=qA_znc9TnXY
L04_V011.json,https://youtube.com/watch?v=qW31Z9kZ_jc
L04_V012.json,https://youtube.com/watch?v=7PR8-j67MH4
L04_V013.json,https://youtube.com/watch?v=NvWMibZQkZk
L04_V014.json,https://youtube.com/watch?v=CAG87N_qWd8
L04_V015.json,https://youtube.com/watch?v=NIKm1Cz-930
L04_V016.json,https://youtube.com/watch?v=Su0xfn6ysws
L04_V017.json,https://youtube.com/watch?v=nL_Q-b9Jefg
L04_V018.json,https://youtube.com/watch?v=HVyRisDaCF8
L04_V019.json,https://youtube.com/watch?v=hL_60RPO_iM
L04_V020.json,https://youtube.com/watch?v=1a3ANmsS4RM
L04_V021.json,https://youtube.com/watch?v=STSHjw3idGA
L04_V022.json,https://youtube.com/watch?v=OVN6RPMIiaI
L04_V023.json,https://youtube.com/watch?v=Buch5_vYx9U
L04_V024.json,https://youtube.com/watch?v=brMNuJXjD-s
L04_V025.json,https://youtube.com/watch?v=iynCrS1JhJA
L04_V026.json,https://youtube.com/watch?v=AUcVsavKC6M
L04_V027.json,https://youtube.com/watch?v=TIt2KlCEDs0
L04_V028.json,https://youtube.com/watch?v=OzJDnaLfxt8
L04_V029.json,https://youtube.com/watch?v=YPlpz3SUhjY
L04_V030.json,https://youtube.com/watch?v=z_1P7f2kR-0
L04_V031.json,https://youtube.com/watch?v=b2m-xrpH020
L05_V001.json,https://youtube.com/watch?v=qVsDxHMiPAw
L05_V002.json,https://youtube.com/watch?v=6IKPglhTWrQ
L05_V003.json,https://youtube.com/watch?v=EA_oOInmvmY
L05_V004.json,https://youtube.com/watch?v=DbF3HW9uUng
L05_V005.json,https://youtube.com/watch?v=n6QJI1dKHRo
L05_V006.json,https://youtube.com/watch?v=hlKe9YcPsMo
L05_V007.json,https://youtube.com/watch?v=w60EAFQqGc4
L05_V008.json,https://youtube.com/watch?v=5GDhOlq_gG4
L05_V009.json,https://youtube.com/watch?v=YMJuOYmtg-Y
L05_V010.json,https://youtube.com/watch?v=VRYhadTHelk
L05_V011.json,https://youtube.com/watch?v=uJXu67VDDY4
L05_V012.json,https://youtube.com/watch?v=mOa3b5D3GTg
L05_V013.json,https://youtube.com/watch?v=h5CxinTYv0k
L05_V014.json,https://youtube.com/watch?v=BY3cWJTFD08
L05_V015.json,https://youtube.com/watch?v=HF9_EaDdkwU
L05_V016.json,https://youtube.com/watch?v=Wr4ioqGFpQs
L05_V017.json,https://youtube.com/watch?v=NhcHMAmLmWw
L05_V018.json,https://youtube.com/watch?v=MAw_qdN4af8
L05_V019.json,https://youtube.com/watch?v=KZkFpOqkx40
L05_V020.json,https://youtube.com/watch?v=ug2kLBlEsb0
L05_V021.json,https://youtube.com/watch?v=AQ7Qsvatk3k
L05_V022.json,https://youtube.com/watch?v=F0LPS_RK_Yg
L05_V023.json,https://youtube.com/watch?v=0SZ2XCKoknU
L05_V024.json,https://youtube.com/watch?v=Xt-ywPQHHqg
L05_V025.json,https://youtube.com/watch?v=tLeBKhOfBm8
L05_V026.json,https://youtube.com/watch?v=7UPven2EDC8
L05_V027.json,https://youtube.com/watch?v=cDmwO5f1Fks
L05_V028.json,https://youtube.com/watch?v=jNOOxi8nOCA
L06_V001.json,https://youtube.com/watch?v=blWiOg3lsEE
L06_V002.json,https://youtube.com/watch?v=XBQD823N2V0
L06_V003.json,https://youtube.com/watch?v=CEH_ZEoKJ_A
L06_V004.json,https://youtube.com/watch?v=4A95cmH3gCo
L06_V005.json,https://youtube.com/watch?v=6jWmgl_WIyo
L06_V006.json,https://youtube.com/watch?v=-mNKnr37k7U
L06_V007.json,https://youtube.com/watch?v=3TTpbERU2vQ
L06_V008.json,https://youtube.com/watch?v=oyvffkkamqs
L06_V009.json,https://youtube.com/watch?v=ayRuJ7l_4Bo
L06_V010.json,https://youtube.com/watch?v=yn6jcqAiAMM
L06_V011.json,https://youtube.com/watch?v=So2XJJH55ic
L06_V012.json,https://youtube.com/watch?v=RZ6K5h6KL2o
L06_V013.json,https://youtube.com/watch?v=zZA70IuN-nw
L06_V014.json,https://youtube.com/watch?v=h8mX2TOi-cQ
L06_V015.json,https://youtube.com/watch?v=LF5eauBrwQ0
L06_V016.json,https://youtube.com/watch?v=CFoeeHUEujg
L06_V017.json,https://youtube.com/watch?v=xOaaXwm1mQI
L06_V018.json,https://youtube.com/watch?v=UzD9V--cfgY
L06_V019.json,https://youtube.com/watch?v=VB52yUwVPyw
L06_V020.json,https://youtube.com/watch?v=13rxCS7aYZc
L06_V021.json,https://youtube.com/watch?v=Z_XeN3F_jFQ
L06_V022.json,https://youtube.com/watch?v=0q_zyXtnCo0
L06_V023.json,https://youtube.com/watch?v=N5HZEjaUUtE
L06_V024.json,https://youtube.com/watch?v=rFF-KqkZsuk
L06_V025.json,https://youtube.com/watch?v=-NjHnEHabTg
L06_V026.json,https://youtube.com/watch?v=BXrYUNmBuy0
L06_V027.json,https://youtube.com/watch?v=j_wih58xgf8
L06_V028.json,https://youtube.com/watch?v=oRZHmwKaOG4
L07_V001.json,https://youtube.com/watch?v=fHodu9fChpU
L07_V002.json,https://youtube.com/watch?v=uNt58uW23RA
L07_V003.json,https://youtube.com/watch?v=z_wyp7V3Nf4
L07_V004.json,https://youtube.com/watch?v=USgloD29Ehs
L07_V005.json,https://youtube.com/watch?v=JMma7gaQhrE
L07_V006.json,https://youtube.com/watch?v=s0zO9O6PWBY
L07_V007.json,https://youtube.com/watch?v=hqLXS1iP51E
L07_V008.json,https://youtube.com/watch?v=6nOfiMMEJsk
L07_V009.json,https://youtube.com/watch?v=ycRP9J6pbtU
L07_V010.json,https://youtube.com/watch?v=QjKgNwpBakY
L07_V011.json,https://youtube.com/watch?v=2_mk2q8doh0
L07_V012.json,https://youtube.com/watch?v=Rnhe6ALYnmI
L07_V013.json,https://youtube.com/watch?v=RcDRFBlfAI0
L07_V014.json,https://youtube.com/watch?v=QUmhaiWD8lc
L07_V015.json,https://youtube.com/watch?v=eBXRP4422hs
L07_V016.json,https://youtube.com/watch?v=I9Yc8FzqLJQ
L07_V017.json,https://youtube.com/watch?v=eyDzkc0pDLA
L07_V018.json,https://youtube.com/watch?v=pR52v86ZGW4
L07_V019.json,https://youtube.com/watch?v=TazdiV-r1JQ
L07_V020.json,https://youtube.com/watch?v=xS-ibtCN4ws
L07_V021.json,https://youtube.com/watch?v=ILOrtJjnFd4
L07_V022.json,https://youtube.com/watch?v=iBhwRMF0aa4
L07_V023.json,https://youtube.com/watch?v=h1TuxQ8yyJA
L07_V024.json,https://youtube.com/watch?v=alx4Gy2L7Nw
L07_V025.json,https://youtube.com/watch?v=jYWsxuqNOxw
L07_V026.json,https://youtube.com/watch?v=HiFgP0JA6Lc
L07_V027.json,https://youtube.com/watch?v=3zFuDQQY7cY
L07_V028.json,https://youtube.com/watch?v=qL4xDtFJkmE
L07_V029.json,https://youtube.com/watch?v=hu00zdXG3So
L07_V030.json,https://youtube.com/watch?v=OQZTYbj9Hc4
L07_V031.json,https://youtube.com/watch?v=8cx78UXv6N8
L08_V001.json,https://youtube.com/watch?v=LfZTye-m_oI
L08_V002.json,https://youtube.com/watch?v=5aoQ3nid0Go
L08_V003.json,https://youtube.com/watch?v=egDJ48n5Z8s
L08_V004.json,https://youtube.com/watch?v=fN9Mdwqc5-8
L08_V005.json,https://youtube.com/watch?v=bRrDIWlM4do
L08_V006.json,https://youtube.com/watch?v=Lac7q7sA1b0
L08_V007.json,https://youtube.com/watch?v=Eh9LqbWKkj4
L08_V008.json,https://youtube.com/watch?v=TEQwF1b06DI
L08_V009.json,https://youtube.com/watch?v=1m2KSzHCFrw
L08_V010.json,https://youtube.com/watch?v=U3GRFodho4E
L08_V011.json,https://youtube.com/watch?v=jEvogEFfDZc
L08_V012.json,https://youtube.com/watch?v=Ooas8SPO2fw
L08_V013.json,https://youtube.com/watch?v=iWQ6z0c2Kr0
L08_V014.json,https://youtube.com/watch?v=Ek5UL5qSWJg
L08_V015.json,https://youtube.com/watch?v=tNLStVi80AQ
L08_V016.json,https://youtube.com/watch?v=-VWBcDZ6CU4
L08_V017.json,https://youtube.com/watch?v=US9UNTFFqdw
L08_V018.json,https://youtube.com/watch?v=NIxT7CmCNfg
L08_V019.json,https://youtube.com/watch?v=mKEXp7ef3a8
L08_V020.json,https://youtube.com/watch?v=NBBCkUn0ihU
L08_V021.json,https://youtube.com/watch?v=2ZZE-STobWI
L08_V022.json,https://youtube.com/watch?v=FJtoboyh9EE
L08_V023.json,https://youtube.com/watch?v=4PprwsaMv0U
L08_V024.json,https://youtube.com/watch?v=2y1WzF7w3kc
L08_V025.json,https://youtube.com/watch?v=Z7_zIwYP9v4
L08_V026.json,https://youtube.com/watch?v=vIDNPDn237c
L08_V027.json,https://youtube.com/watch?v=8neVYAPx0MI
L08_V028.json,https://youtube.com/watch?v=4Jm40BAp74A
L08_V029.json,https://youtube.com/watch?v=-ZeDcXyUqbw
L09_V001.json,https://youtube.com/watch?v=Kf8GFVjOcgM
L09_V002.json,https://youtube.com/watch?v=2vzVM4ArcUI
L09_V003.json,https://youtube.com/watch?v=acPVP48bYAs
L09_V004.json,https://youtube.com/watch?v=PeJqFSM0lyA
L09_V005.json,https://youtube.com/watch?v=FWYSgWxebf4
L09_V006.json,https://youtube.com/watch?v=SVlSZzcCYz8
L09_V007.json,https://youtube.com/watch?v=QcQP5CfEhY8
L09_V008.json,https://youtube.com/watch?v=YzyNhuRHbeo
L09_V009.json,https://youtube.com/watch?v=Em3TgrzRWwk
L09_V010.json,https://youtube.com/watch?v=U466NXUK5TI
L09_V011.json,https://youtube.com/watch?v=QIgyBVy0118
L09_V012.json,https://youtube.com/watch?v=To0HNrBrPME
L09_V013.json,https://youtube.com/watch?v=ENLHCtd_fWk
L09_V014.json,https://youtube.com/watch?v=wWzucFdo1bE
L09_V015.json,https://youtube.com/watch?v=yFXH0WDfAyk
L09_V016.json,https://youtube.com/watch?v=m2cLwjrFstU
L09_V017.json,https://youtube.com/watch?v=H5dd-y8UnKA
L09_V018.json,https://youtube.com/watch?v=a8ujK_eTCXY
L09_V019.json,https://youtube.com/watch?v=MlPSepsnDcc
L09_V020.json,https://youtube.com/watch?v=xwFK21SeE50
L09_V021.json,https://youtube.com/watch?v=neovc94sUMw
L09_V022.json,https://youtube.com/watch?v=JaHqfYaYa9M
L09_V023.json,https://youtube.com/watch?v=cwj62bqBse0
L09_V024.json,https://youtube.com/watch?v=CaaWsQSkzKA
L09_V025.json,https://youtube.com/watch?v=9fS4zfjoDFY
L09_V026.json,https://youtube.com/watch?v=3MCPfQBE_0c
L09_V027.json,https://youtube.com/watch?v=LKa7nVzntTE
L09_V028.json,https://youtube.com/watch?v=aCgFjnf5EzU
L09_V029.json,https://youtube.com/watch?v=eOF9iRxHs5w
L09_V030.json,https://youtube.com/watch?v=p4-oG9LXFVk
L10_V001.json,https://youtube.com/watch?v=RiqqGbMqGFA
L10_V002.json,https://youtube.com/watch?v=t2-uUWR9zvU
L10_V003.json,https://youtube.com/watch?v=zfimyeIVPas
L10_V004.json,https://youtube.com/watch?v=QzhXXbKjVmE
L10_V005.json,https://youtube.com/watch?v=cEK_wM2iV1Q
L10_V006.json,https://youtube.com/watch?v=HRZ1kMLoXqw
L10_V007.json,https://youtube.com/watch?v=Y6dPtR-XOsc
L10_V008.json,https://youtube.com/watch?v=GRuDBmrAft0
L10_V009.json,https://youtube.com/watch?v=PTpmWj9qk0Y
L10_V010.json,https://youtube.com/watch?v=uaYho8-e5K0
L10_V011.json,https://youtube.com/watch?v=Dl9okZlWG9Y
L10_V012.json,https://youtube.com/watch?v=h4YSiWiFyzo
L10_V013.json,https://youtube.com/watch?v=BxSv6EwKHjQ
L10_V014.json,https://youtube.com/watch?v=S8Jo0m5k1l0
L10_V015.json,https://youtube.com/watch?v=3MFRuGJ32No
L10_V016.json,https://youtube.com/watch?v=9b5Klj9E0EM
L10_V017.json,https://youtube.com/watch?v=2B5qTBE8pB0
L10_V018.json,https://youtube.com/watch?v=rHVwVBOnHto
L10_V019.json,https://youtube.com/watch?v=C3eb04v1kyU
L10_V020.json,https://youtube.com/watch?v=DLvSzJ5A4uA
L10_V021.json,https://youtube.com/watch?v=7tlLCzp-fSM
L10_V022.json,https://youtube.com/watch?v=BY9bA9Kywvo
L10_V023.json,https://youtube.com/watch?v=PVc8Pb42mYg
L10_V024.json,https://youtube.com/watch?v=cq6VFbUpBHw
L10_V025.json,https://youtube.com/watch?v=ode8Ks8UA4g
L10_V026.json,https://youtube.com/watch?v=cR4Y4UaWFXw
L10_V027.json,https://youtube.com/watch?v=d9VIWEvw2dM
L10_V028.json,https://youtube.com/watch?v=ZvXRDzNol-A
L10_V029.json,https://youtube.com/watch?v=jujD64pdWC4
L10_V030.json,https://youtube.com/watch?v=yUWRQyN9tJg
L11_V001.json,https://youtube.com/watch?v=_q2mV5v1qVU
L11_V002.json,https://youtube.com/watch?v=TkC0hUM0A5U
L11_V003.json,https://youtube.com/watch?v=oJL5bVvAeWc
L11_V004.json,https://youtube.com/watch?v=FBAesNfEon0
L11_V005.json,https://youtube.com/watch?v=XTL7SgO0p68
L11_V006.json,https://youtube.com/watch?v=zWmuTa8PMtg
L11_V007.json,https://youtube.com/watch?v=nB7SuMp4tr0
L11_V008.json,https://youtube.com/watch?v=CenXjyyFQ0s
L11_V009.json,https://youtube.com/watch?v=zbdEtjKmEhQ
L11_V010.json,https://youtube.com/watch?v=Nyycfrmy_DY
L11_V011.json,https://youtube.com/watch?v=TAJjScOBjo8
L11_V012.json,https://youtube.com/watch?v=zUE7iJEG7Vs
L11_V013.json,https://youtube.com/watch?v=09B3D6kuA_M
L11_V014.json,https://youtube.com/watch?v=XIafT85hdyc
L11_V015.json,https://youtube.com/watch?v=QB45jKrun14
L11_V016.json,https://youtube.com/watch?v=BcuFO7rqfqo
L11_V017.json,https://youtube.com/watch?v=XKkiJoOr8Rs
L11_V018.json,https://youtube.com/watch?v=qkaoz8mm2NU
L11_V019.json,https://youtube.com/watch?v=lBTUoDLHBwU
L11_V020.json,https://youtube.com/watch?v=tsTxufpMaU4
L11_V021.json,https://youtube.com/watch?v=1-K9EfonwFY
L11_V022.json,https://youtube.com/watch?v=lpQqiCW236E
L11_V023.json,https://youtube.com/watch?v=DDq83IrKZ3I
L11_V024.json,https://youtube.com/watch?v=Lzq0wM-37Ng
L11_V025.json,https://youtube.com/watch?v=_HZY5ub2dAk
L11_V026.json,https://youtube.com/watch?v=52rNBwyfvPg
L11_V027.json,https://youtube.com/watch?v=0uFPAH4NDOU
L11_V028.json,https://youtube.com/watch?v=vzdla60LK5g
L11_V029.json,https://youtube.com/watch?v=ShTKrEhJd_k
L11_V030.json,https://youtube.com/watch?v=Jdr_x2Ez9B8
L11_V031.json,https://youtube.com/watch?v=fcgJc6Ea-d8
L12_V001.json,https://youtube.com/watch?v=QApz_56Q3sc
L12_V002.json,https://youtube.com/watch?v=JVzCg8ei60M
L12_V003.json,https://youtube.com/watch?v=kLu5ora5xqI
L12_V004.json,https://youtube.com/watch?v=6CitK2jfpXg
L12_V005.json,https://youtube.com/watch?v=aE45zzhxavU
L12_V006.json,https://youtube.com/watch?v=jX4Qq46lHGQ
L12_V007.json,https://youtube.com/watch?v=uCPdpXnrWoU
L12_V008.json,https://youtube.com/watch?v=zaMom_a6PnM
L12_V009.json,https://youtube.com/watch?v=Pvr8fwnXY8w
L12_V010.json,https://youtube.com/watch?v=cei9KV4j4XU
L12_V011.json,https://youtube.com/watch?v=_NHfl9PyXlc
L12_V012.json,https://youtube.com/watch?v=3S1fnRiLEMk
L12_V013.json,https://youtube.com/watch?v=gIJ9pmeDTlY
L12_V014.json,https://youtube.com/watch?v=wE-nDk3uPt4
L12_V015.json,https://youtube.com/watch?v=up_OxxZjvzs
L12_V016.json,https://youtube.com/watch?v=IjwzMinmNog
L12_V017.json,https://youtube.com/watch?v=yCcNE6P-BIg
L12_V018.json,https://youtube.com/watch?v=ELDkYu3QdbI
L12_V019.json,https://youtube.com/watch?v=SZfTTP9wUQU
L12_V020.json,https://youtube.com/watch?v=pcHulg-4wiI
L12_V021.json,https://youtube.com/watch?v=Y_nUbycQDMk
L12_V022.json,https://youtube.com/watch?v=IFRg_HULosE
L12_V023.json,https://youtube.com/watch?v=j7jOTXrQi68
L12_V024.json,https://youtube.com/watch?v=pDuanY21XfI
L12_V025.json,https://youtube.com/watch?v=AAw0G7Q94to
L12_V026.json,https://youtube.com/watch?v=uIy8X8Sa_wc
L12_V027.json,https://youtube.com/watch?v=9XPU2RQ5fVU
L12_V028.json,https://youtube.com/watch?v=mzFTtonin64
L12_V029.json,https://youtube.com/watch?v=KjQuxo3diKk
L12_V030.json,https://youtube.com/watch?v=FgmggjO42LE
L12_V031.json,https://youtube.com/watch?v=X2UmTz0Z1g0
L13_V001.json,https://youtube.com/watch?v=jWekNn2RZp8
L13_V002.json,https://youtube.com/watch?v=aRVhQlcismI
L13_V003.json,https://youtube.com/watch?v=GMRl1GDKpNk
L13_V004.json,https://youtube.com/watch?v=3E_z9NFynMQ
L13_V005.json,https://youtube.com/watch?v=ofrqyfrxTM4
L13_V006.json,https://youtube.com/watch?v=b9PXoK-vd74
L13_V007.json,https://youtube.com/watch?v=WEb1fxKycdI
L13_V008.json,https://youtube.com/watch?v=yssurEk4c90
L13_V009.json,https://youtube.com/watch?v=AagwlKvVxeU
L13_V010.json,https://youtube.com/watch?v=6Jc_meA8s-U
L13_V011.json,https://youtube.com/watch?v=8lFRk381kes
L13_V012.json,https://youtube.com/watch?v=y8_mcEu3h78
L13_V013.json,https://youtube.com/watch?v=4QYLz5RHmtY
L13_V014.json,https://youtube.com/watch?v=fnGpAtWZ3PM
L13_V015.json,https://youtube.com/watch?v=6ZBnOQSknGM
L13_V016.json,https://youtube.com/watch?v=hP5UlDvTeN8
L13_V017.json,https://youtube.com/watch?v=kbPc5qhc0EU
L13_V018.json,https://youtube.com/watch?v=sA9WzowLJMQ
L13_V019.json,https://youtube.com/watch?v=SHeWS4AFOK0
L13_V020.json,https://youtube.com/watch?v=fGZxPfouNbE
L13_V021.json,https://youtube.com/watch?v=LpQu70wEUdY
L13_V022.json,https://youtube.com/watch?v=2x4dTFtHMds
L13_V023.json,https://youtube.com/watch?v=G8x0TGypj0Y
L13_V024.json,https://youtube.com/watch?v=oF0bB5upZWA
L13_V025.json,https://youtube.com/watch?v=36ht3MMX1oE
L13_V026.json,https://youtube.com/watch?v=eM-4G_zg17k
L13_V027.json,https://youtube.com/watch?v=mlWoaEuBF6Y
L13_V028.json,https://youtube.com/watch?v=L-Ax75kJnPw
L13_V029.json,https://youtube.com/watch?v=GgVCPCk0hXg
L13_V030.json,https://youtube.com/watch?v=WE8mQwV-Rx8
L14_V001.json,https://youtube.com/watch?v=T_TPrfMbCXo
L14_V002.json,https://youtube.com/watch?v=G7SvGLchIUM
L14_V003.json,https://youtube.com/watch?v=mHg4XB0jClA
L14_V004.json,https://youtube.com/watch?v=FEjX0kY-y7Q
L14_V005.json,https://youtube.com/watch?v=NCD0YF_AsHQ
L14_V006.json,https://youtube.com/watch?v=3a7NpTAsE1Q
L14_V007.json,https://youtube.com/watch?v=XUMxGW0Ppd0
L14_V008.json,https://youtube.com/watch?v=ux-VS7s5GfY
L14_V009.json,https://youtube.com/watch?v=Qcx1BM-zYlA
L14_V010.json,https://youtube.com/watch?v=14ZDus_O8pI
L14_V011.json,https://youtube.com/watch?v=eNrJsxpv960
L14_V012.json,https://youtube.com/watch?v=kC8LiytYsPo
L14_V013.json,https://youtube.com/watch?v=j2dSZ5TOjAM
L14_V014.json,https://youtube.com/watch?v=78xgQTdqT0s
L14_V015.json,https://youtube.com/watch?v=184mGBVYIps
L14_V016.json,https://youtube.com/watch?v=6TXLwcfvtis
L14_V017.json,https://youtube.com/watch?v=U66AHxeVM98
L14_V018.json,https://youtube.com/watch?v=NT0ym5yexGo
L14_V019.json,https://youtube.com/watch?v=pkOqCfZ08TA
L14_V020.json,https://youtube.com/watch?v=iEgzr15zrtI
L14_V021.json,https://youtube.com/watch?v=BvDjcVvm_PU
L14_V022.json,https://youtube.com/watch?v=Jtjrg9zq5sI
L14_V023.json,https://youtube.com/watch?v=aAlEVvEaIA4
L14_V024.json,https://youtube.com/watch?v=V5lthHjVxMI
L14_V025.json,https://youtube.com/watch?v=-DdO6HZECuI
L14_V026.json,https://youtube.com/watch?v=RDAuIT7Mqj8
L14_V027.json,https://youtube.com/watch?v=YZo7D3gv2v0
L14_V028.json,https://youtube.com/watch?v=GLsYEIOUdwk
L14_V029.json,https://youtube.com/watch?v=XGis7Ynd7yA
L14_V030.json,https://youtube.com/watch?v=HzSCoqToCa4
L15_V001.json,https://youtube.com/watch?v=did6ioClwvM
L15_V002.json,https://youtube.com/watch?v=L7VwDGSot0Y
L15_V003.json,https://youtube.com/watch?v=m50KM_kcrzE
L15_V004.json,https://youtube.com/watch?v=5-_NbW5znCk
L15_V005.json,https://youtube.com/watch?v=zKQOKP9jcKw
L15_V006.json,https://youtube.com/watch?v=CQ9xR1DNCBU
L15_V007.json,https://youtube.com/watch?v=PGTGgdLK1as
L15_V008.json,https://youtube.com/watch?v=CbW8slZhHT8
L15_V009.json,https://youtube.com/watch?v=MlU0wyr9kH0
L15_V010.json,https://youtube.com/watch?v=XeuwUybJuzg
L15_V011.json,https://youtube.com/watch?v=4A5WJTbadL8
L15_V012.json,https://youtube.com/watch?v=kc4TnIBRYjU
L15_V013.json,https://youtube.com/watch?v=oH4iD2KK0kY
L15_V014.json,https://youtube.com/watch?v=qyiPzoPqrW8
L15_V015.json,https://youtube.com/watch?v=l3YUAyUzlC8
L15_V016.json,https://youtube.com/watch?v=7EWNRXuO2DA
L15_V017.json,https://youtube.com/watch?v=9bR4KeGA73A
L15_V018.json,https://youtube.com/watch?v=7HfRPm6aKis
L15_V019.json,https://youtube.com/watch?v=DkMsbSCiurY
L15_V020.json,https://youtube.com/watch?v=wjfFrBySO-g
L15_V021.json,https://youtube.com/watch?v=rkKuO9DKa4Y
L15_V022.json,https://youtube.com/watch?v=ZsDW3HnZ6os
L15_V023.json,https://youtube.com/watch?v=wwmiQueBqPQ
L15_V024.json,https://youtube.com/watch?v=8bZTmqbyN28
L15_V025.json,https://youtube.com/watch?v=x1xAXKqJH1M
L15_V026.json,https://youtube.com/watch?v=NUrxgu1_rDc
L15_V027.json,https://youtube.com/watch?v=4x0dFTb30A0
L15_V028.json,https://youtube.com/watch?v=KuenWqW-0ac
L15_V029.json,https://youtube.com/watch?v=Ty48rPjiYiE
L15_V030.json,https://youtube.com/watch?v=t_ax-U33CZs
L15_V031.json,https://youtube.com/watch?v=5UZuiCnrGy8
L16_V001.json,https://youtube.com/watch?v=rHnCMLzVfmM
L16_V002.json,https://youtube.com/watch?v=EcXWXTSakD4
L16_V003.json,https://youtube.com/watch?v=2g0wvsoSdgo
L16_V004.json,https://youtube.com/watch?v=0Zp4eVTM_fM
L16_V005.json,https://youtube.com/watch?v=5oSBj6KUOaY
L16_V006.json,https://youtube.com/watch?v=3QrlEh60-XA
L16_V007.json,https://youtube.com/watch?v=BbCFRnFiDyo
L16_V008.json,https://youtube.com/watch?v=UMTSy_JVf-8
L16_V009.json,https://youtube.com/watch?v=HuR7OyJ7MIs
L16_V010.json,https://youtube.com/watch?v=sckMGuR89d4
L16_V011.json,https://youtube.com/watch?v=FM_oTYpgLMA
L16_V012.json,https://youtube.com/watch?v=_efaqraNETY
L16_V013.json,https://youtube.com/watch?v=-g-_BVD1ee0
L16_V014.json,https://youtube.com/watch?v=Y9BSga850Rk
L16_V015.json,https://youtube.com/watch?v=PqXxdsD7ZqM
L16_V016.json,https://youtube.com/watch?v=qSZFMWflXE8
L16_V017.json,https://youtube.com/watch?v=NClTLvmgXM0
L16_V018.json,https://youtube.com/watch?v=334dfGVONp0
L16_V019.json,https://youtube.com/watch?v=7AllntNtcgs
L16_V020.json,https://youtube.com/watch?v=6vQntCGBDvg
L16_V021.json,https://youtube.com/watch?v=m9Z9EesAkKE
L16_V022.json,https://youtube.com/watch?v=3_hHWPJUmfE
L16_V023.json,https://youtube.com/watch?v=7rTEVfCWtyM
L16_V024.json,https://youtube.com/watch?v=_RGuvXt_6_w
L16_V025.json,https://youtube.com/watch?v=WpbOi8QIGXM
L16_V026.json,https://youtube.com/watch?v=103IFAEYDfE
L16_V027.json,https://youtube.com/watch?v=FhTgcgc7A4Y
L16_V028.json,https://youtube.com/watch?v=pIcEENLVoAY
L16_V029.json,https://youtube.com/watch?v=h2yJtnpgb-U
L16_V030.json,https://youtube.com/watch?v=EYkq3NYkeJ8
L16_V031.json,https://youtube.com/watch?v=LA3ThwsAX5A
L17_V001.json,https://youtube.com/watch?v=dkG43MZE6mQ
L17_V002.json,https://youtube.com/watch?v=WupS5hqMnbA
L17_V003.json,https://youtube.com/watch?v=UMwg8vs25MQ
L17_V004.json,https://youtube.com/watch?v=LGi_fYlyJIo
L17_V005.json,https://youtube.com/watch?v=nKmiMhUth-w
L17_V006.json,https://youtube.com/watch?v=2uJY_O0Fvtw
L17_V007.json,https://youtube.com/watch?v=9P4ML56l6w4
L17_V008.json,https://youtube.com/watch?v=LMmLmJiy2Lw
L17_V009.json,https://youtube.com/watch?v=kO3r4ZQf7Bo
L17_V010.json,https://youtube.com/watch?v=z2MES4R_TdM
L17_V011.json,https://youtube.com/watch?v=4ivZj1Tnwu0
L17_V012.json,https://youtube.com/watch?v=4JjrAvG3Y1w
L17_V013.json,https://youtube.com/watch?v=M7kJYDbkiOM
L17_V014.json,https://youtube.com/watch?v=2GiPZCsTQHY
L17_V015.json,https://youtube.com/watch?v=6agBAv7qqrE
L17_V016.json,https://youtube.com/watch?v=Uh7dRMNz63o
L17_V017.json,https://youtube.com/watch?v=3CqYKoU1yH4
L17_V018.json,https://youtube.com/watch?v=GjZK0-XDZWI
L17_V019.json,https://youtube.com/watch?v=vROtyPA1oQg
L17_V020.json,https://youtube.com/watch?v=1Fl9sd_ID6w
L17_V021.json,https://youtube.com/watch?v=MWRR8ZiL73Q
L17_V022.json,https://youtube.com/watch?v=xnSqCkq6SpA
L17_V023.json,https://youtube.com/watch?v=jQKalad-CdY
L17_V024.json,https://youtube.com/watch?v=O3w9CiTMY7A
L17_V025.json,https://youtube.com/watch?v=-6fq49-576k
L17_V026.json,https://youtube.com/watch?v=DqYG23lHrDk
L17_V027.json,https://youtube.com/watch?v=_YMrnR_TwNc
L17_V028.json,https://youtube.com/watch?v=50xWfIUZj9Q
L17_V029.json,https://youtube.com/watch?v=GMD3yHG0fVw
L17_V030.json,https://youtube.com/watch?v=LKtINgXH25A
L17_V031.json,https://youtube.com/watch?v=kqiiEBM0st0
L17_V032.json,https://youtube.com/watch?v=rSUIwI2byf8
L17_V033.json,https://youtube.com/watch?v=t0fwC6B4RoE
L18_V001.json,https://youtube.com/watch?v=Jps5MfQOPTU
L18_V002.json,https://youtube.com/watch?v=4JLRsNhBcIg
L18_V003.json,https://youtube.com/watch?v=VRgyHdup3XY
L18_V004.json,https://youtube.com/watch?v=gF6MoHpV8rY
L18_V005.json,https://youtube.com/watch?v=RypVNs8NAXI
L18_V006.json,https://youtube.com/watch?v=rrGDbchKWQ0
L18_V007.json,https://youtube.com/watch?v=JloNsHW_7kg
L18_V008.json,https://youtube.com/watch?v=Jpq_EjKWQmM
L18_V009.json,https://youtube.com/watch?v=r2MqsQdIv0w
L18_V010.json,https://youtube.com/watch?v=PVKyFE5ZH4k
L18_V011.json,https://youtube.com/watch?v=gRNH_vGjb6Y
L18_V012.json,https://youtube.com/watch?v=cIZbJYJf_4k
L18_V013.json,https://youtube.com/watch?v=vCcM1SVtat4
L18_V014.json,https://youtube.com/watch?v=asdjg2d46sw
L18_V015.json,https://youtube.com/watch?v=DN3_n2PiIYM
L18_V016.json,https://youtube.com/watch?v=5svQ_YLA4Tw
L18_V017.json,https://youtube.com/watch?v=xKtm0kzhLI4
L18_V018.json,https://youtube.com/watch?v=xQ0H0QGEHSY
L18_V019.json,https://youtube.com/watch?v=05VwYzG6mIQ
L18_V020.json,https://youtube.com/watch?v=ood8FRT0Kks
L18_V021.json,https://youtube.com/watch?v=uV-Ph0kv9KY
L18_V022.json,https://youtube.com/watch?v=_PTZdjVD8sA
L18_V023.json,https://youtube.com/watch?v=YRktbcWXcok
L18_V024.json,https://youtube.com/watch?v=Cqtpwv-mvdI
L19_V001.json,https://youtube.com/watch?v=otwnd16XrZ8
L19_V002.json,https://youtube.com/watch?v=eiNkGFd7w38
L19_V003.json,https://youtube.com/watch?v=kLUG37QvTJk
L19_V004.json,https://youtube.com/watch?v=VQmRKZGyKnI
L19_V005.json,https://youtube.com/watch?v=BkO1mFxfySA
L19_V006.json,https://youtube.com/watch?v=GUlewUFmUi8
L19_V007.json,https://youtube.com/watch?v=tw2lHBdqhu8
L19_V008.json,https://youtube.com/watch?v=PtHY_Tmi9H4
L19_V009.json,https://youtube.com/watch?v=dG1eVmgV9XQ
L19_V010.json,https://youtube.com/watch?v=q7JhH2ph8HI
L19_V011.json,https://youtube.com/watch?v=euhookYsOsE
L19_V012.json,https://youtube.com/watch?v=xtr02yBoYp8
L19_V013.json,https://youtube.com/watch?v=4SOxNl4GJA8
L19_V014.json,https://youtube.com/watch?v=XgUritOqBRI
L19_V015.json,https://youtube.com/watch?v=_MiVNUt9y1s
L19_V016.json,https://youtube.com/watch?v=lZXFXNUeSqA
L19_V017.json,https://youtube.com/watch?v=75p4VdMyBK4
L19_V018.json,https://youtube.com/watch?v=Lu1tvxWzb1U
L19_V019.json,https://youtube.com/watch?v=36qOvZuhLl4
L19_V020.json,https://youtube.com/watch?v=Wi_IFmMgxOA
L19_V021.json,https://youtube.com/watch?v=g6dnGZliOXQ
L19_V022.json,https://youtube.com/watch?v=M1C9hw5dJ1Q
L19_V023.json,https://youtube.com/watch?v=225bFdDaHNU
L19_V024.json,https://youtube.com/watch?v=cztw94-brcQ
L19_V025.json,https://youtube.com/watch?v=HTexsZSTjYg
L19_V026.json,https://youtube.com/watch?v=6pU6fIpg5yE
L19_V027.json,https://youtube.com/watch?v=-3MF-XvCQ1k
L19_V028.json,https://youtube.com/watch?v=N9UmacJ0cEY
L19_V029.json,https://youtube.com/watch?v=CmdgRTotG8E
L19_V030.json,https://youtube.com/watch?v=Nyy2ttLWmeM
L19_V031.json,https://youtube.com/watch?v=6CJmDxX6MYs
L19_V032.json,https://youtube.com/watch?v=yY8EVHDii-k
L19_V033.json,https://youtube.com/watch?v=_uwhb2dePXE
L19_V034.json,https://youtube.com/watch?v=w0sbqjLVvI4
L19_V035.json,https://youtube.com/watch?v=EGEHVoq0BSk
L19_V036.json,https://youtube.com/watch?v=nj_Aouq9RVg
L19_V037.json,https://youtube.com/watch?v=P3CVRpcu6CE
L19_V038.json,https://youtube.com/watch?v=Lip7kpzubmY
L19_V039.json,https://youtube.com/watch?v=BSKAKSPrhGQ
L19_V040.json,https://youtube.com/watch?v=0E34b7vQQ2o
L19_V041.json,https://youtube.com/watch?v=WK5hyVELZvU
L19_V042.json,https://youtube.com/watch?v=5un6NL61V_c
L19_V043.json,https://youtube.com/watch?v=2PGphiPA5vY
L19_V044.json,https://youtube.com/watch?v=T5cdRBgzoLA
L19_V045.json,https://youtube.com/watch?v=iFdcOREE--0
L19_V046.json,https://youtube.com/watch?v=DW0a8BCJzP8
L19_V047.json,https://youtube.com/watch?v=tz5voq2KwWc
L19_V048.json,https://youtube.com/watch?v=beibzwEVTRM
L19_V049.json,https://youtube.com/watch?v=O1EuwlaPxKw
L19_V050.json,https://youtube.com/watch?v=SebbUQ1Rhmg
L19_V051.json,https://youtube.com/watch?v=nMAgNkC0tOE
L19_V052.json,https://youtube.com/watch?v=D4-ccDLMkR8
L19_V053.json,https://youtube.com/watch?v=V0hQclaGNLY
L19_V054.json,https://youtube.com/watch?v=QOMQ8gd9Spo
L19_V055.json,https://youtube.com/watch?v=HAHv1lLGyRQ
L19_V056.json,https://youtube.com/watch?v=WyusHxrjgS8
L19_V057.json,https://youtube.com/watch?v=M7SpGOjDXdo
L19_V058.json,https://youtube.com/watch?v=tH2snHQQywk
L19_V059.json,https://youtube.com/watch?v=_0zIJyLrHgo
L19_V060.json,https://youtube.com/watch?v=kzkdaaxTNdc
L19_V061.json,https://youtube.com/watch?v=XvDbeFvVeIs
L19_V062.json,https://youtube.com/watch?v=D8xLqoKvsTw
L19_V063.json,https://youtube.com/watch?v=d5LCAmDZ7KQ
L19_V064.json,https://youtube.com/watch?v=U9IyaM5aHAI
L19_V065.json,https://youtube.com/watch?v=RLNgfIEdd34
L19_V066.json,https://youtube.com/watch?v=TQrp-HMPt9w
L19_V067.json,https://youtube.com/watch?v=qfDp2yuZgag
L19_V068.json,https://youtube.com/watch?v=nQU7jjRLd6Y
L19_V069.json,https://youtube.com/watch?v=SaLINLd16Tw
L19_V070.json,https://youtube.com/watch?v=1-rk5BWuT-E
L19_V071.json,https://youtube.com/watch?v=SdZ8KyAWyR8
L19_V072.json,https://youtube.com/watch?v=1nHoAOjtTHs
L19_V073.json,https://youtube.com/watch?v=JMHnltgow_4
L19_V074.json,https://youtube.com/watch?v=45iICei9xIY
L19_V075.json,https://youtube.com/watch?v=gFjjVWot9EE
L19_V076.json,https://youtube.com/watch?v=f7-rSuzQugI
L19_V077.json,https://youtube.com/watch?v=Wq14sjN6_gs
L19_V078.json,https://youtube.com/watch?v=qREWAfuaNUw
L19_V079.json,https://youtube.com/watch?v=Y2vjd1bw-kE
L19_V080.json,https://youtube.com/watch?v=-5ErIW0r4Vk
L19_V081.json,https://youtube.com/watch?v=yAj-0rqQIIo
L19_V082.json,https://youtube.com/watch?v=l0jITQmgFlc
L19_V083.json,https://youtube.com/watch?v=rCPpvs4c_60
L19_V084.json,https://youtube.com/watch?v=embJweXo1tY
L19_V085.json,https://youtube.com/watch?v=KrRxsUMPyDo
L19_V086.json,https://youtube.com/watch?v=8rCT211waTU
L19_V087.json,https://youtube.com/watch?v=YrHnI4S79Ts
L19_V088.json,https://youtube.com/watch?v=Oj2xCbCVbas
L19_V089.json,https://youtube.com/watch?v=M1mrCEE3BKs
L19_V090.json,https://youtube.com/watch?v=fcu_aYShF9I
L19_V091.json,https://youtube.com/watch?v=m74eqgQiGRc
L19_V092.json,https://youtube.com/watch?v=jwGvuwg6nLY
L19_V093.json,https://youtube.com/watch?v=ssYoI5vXOtE
L19_V094.json,https://youtube.com/watch?v=iHle4wd3kkE
L19_V095.json,https://youtube.com/watch?v=opVujO4HBec
L19_V096.json,https://youtube.com/watch?v=LwKdizpNPjw
L19_V097.json,https://youtube.com/watch?v=Vdh3Hgzs8E0
L19_V098.json,https://youtube.com/watch?v=vx711YxJ1AI
L19_V099.json,https://youtube.com/watch?v=Oj8-axRxVC4
L19_V100.json,https://youtube.com/watch?v=bJEj1ZHplyw
L20_V001.json,https://youtube.com/watch?v=tuypix-ABKk
L20_V002.json,https://youtube.com/watch?v=6mAV0B03ZHk
L20_V003.json,https://youtube.com/watch?v=U98YqEykfkE
L20_V004.json,https://youtube.com/watch?v=1e8fqISCk_Y
L20_V005.json,https://youtube.com/watch?v=8jJqEek6XCo
L20_V006.json,https://youtube.com/watch?v=oFQbis2-v6k
L20_V007.json,https://youtube.com/watch?v=yphl5_tRHbs
L20_V008.json,https://youtube.com/watch?v=SpQQThglQbA
L20_V009.json,https://youtube.com/watch?v=IXA8OEyii5U
L20_V010.json,https://youtube.com/watch?v=jJ-gBSiA8LQ
L20_V011.json,https://youtube.com/watch?v=gvbF8v0GSS0
L20_V012.json,https://youtube.com/watch?v=ES-pwE07poE
L20_V013.json,https://youtube.com/watch?v=mjq7QE9TDrw
L20_V014.json,https://youtube.com/watch?v=rDnoJvp3L0U
L20_V015.json,https://youtube.com/watch?v=7PWh2hGhE3E
L20_V016.json,https://youtube.com/watch?v=43UE_tgIlt4
L20_V017.json,https://youtube.com/watch?v=xPm1LRm5xw8
L20_V018.json,https://youtube.com/watch?v=aj8oYw3d_Pg
L20_V019.json,https://youtube.com/watch?v=VTFb4FQ8Iog
L20_V020.json,https://youtube.com/watch?v=u5dwRK7QpdY
L20_V021.json,https://youtube.com/watch?v=7JtDoMxHOnI
L20_V022.json,https://youtube.com/watch?v=5E8pOlp5N5g
L20_V023.json,https://youtube.com/watch?v=IsBEwWp-U0s
L20_V024.json,https://youtube.com/watch?v=snw3oL4lytk
L20_V025.json,https://youtube.com/watch?v=ic8b3EOA9LM
L20_V026.json,https://youtube.com/watch?v=s3LQdZcDmWY
L20_V027.json,https://youtube.com/watch?v=V2oXTHlkWhI
L20_V028.json,https://youtube.com/watch?v=f4_DqSNF_Qc
L20_V029.json,https://youtube.com/watch?v=_xcK091pGN0
L20_V030.json,https://youtube.com/watch?v=C3QXiIVJSzw
L20_V031.json,https://youtube.com/watch?v=5oyj3UZlJb8
L20_V032.json,https://youtube.com/watch?v=Dd8atRYREzw
L20_V033.json,https://youtube.com/watch?v=3j1kb8dmBU8
L20_V034.json,https://youtube.com/watch?v=wW3VzMqiVzA
L20_V035.json,https://youtube.com/watch?v=gEUD_I9GvzY
L20_V036.json,https://youtube.com/watch?v=Q9EKZl5qmxE
L20_V037.json,https://youtube.com/watch?v=T0lIIB0XSUw
L20_V038.json,https://youtube.com/watch?v=aFy4c5Oa-kU
L20_V039.json,https://youtube.com/watch?v=nSiTy27h8WQ
L20_V040.json,https://youtube.com/watch?v=5vLKZyEj_SM
L20_V041.json,https://youtube.com/watch?v=fMvT3y48rWk
L20_V042.json,https://youtube.com/watch?v=FDxuobZ8tIw
L20_V043.json,https://youtube.com/watch?v=ivlH9ttw2QY
L20_V044.json,https://youtube.com/watch?v=gKvxY2MHnYE
L20_V045.json,https://youtube.com/watch?v=FuVFUC2FHek
L20_V046.json,https://youtube.com/watch?v=9ZeJS4JJBhM
L20_V047.json,https://youtube.com/watch?v=kIwyerOAp8I
L20_V048.json,https://youtube.com/watch?v=N665Cc_aK0g
L20_V049.json,https://youtube.com/watch?v=JXqvsB_GwxA
L20_V050.json,https://youtube.com/watch?v=fx5bh7lyaqU
L20_V051.json,https://youtube.com/watch?v=vxayRoAWa_w
L20_V052.json,https://youtube.com/watch?v=GiHkPSo8fb8
L20_V053.json,https://youtube.com/watch?v=HOtXT95JfZQ
L20_V054.json,https://youtube.com/watch?v=sC-3aJJJWi8
L20_V055.json,https://youtube.com/watch?v=3jifAAtNxRc
L20_V056.json,https://youtube.com/watch?v=GJz1Pz5o5uc
L20_V057.json,https://youtube.com/watch?v=5uE6CWqDtAA
L20_V058.json,https://youtube.com/watch?v=_mCOY9XFHKk
L20_V059.json,https://youtube.com/watch?v=rIrIost02kA
L20_V060.json,https://youtube.com/watch?v=W3AAcEUlxxI
L20_V061.json,https://youtube.com/watch?v=lnDKxLaCiqs
L20_V062.json,https://youtube.com/watch?v=VC1aSFXXNaQ
L20_V063.json,https://youtube.com/watch?v=LxCydpaXmQY
L20_V064.json,https://youtube.com/watch?v=hNaFJWgackM
L20_V065.json,https://youtube.com/watch?v=C23m1TZVdnw
L20_V066.json,https://youtube.com/watch?v=Mtk-1MSAIug
L20_V067.json,https://youtube.com/watch?v=whJ1cPnI6RE
L20_V068.json,https://youtube.com/watch?v=KAkC0Oh44LQ
L20_V069.json,https://youtube.com/watch?v=6KEID9uoo5I
L20_V070.json,https://youtube.com/watch?v=b_VDUeSLcgU
L20_V071.json,https://youtube.com/watch?v=nmLYoYkBxNs
L20_V072.json,https://youtube.com/watch?v=qCsQimNeAv0
L20_V073.json,https://youtube.com/watch?v=FjMysfwjgkY
L20_V074.json,https://youtube.com/watch?v=ynUTNizUCmw
L20_V075.json,https://youtube.com/watch?v=p7bfuVBib5Y
L20_V076.json,https://youtube.com/watch?v=OULLu9tmhpU
L20_V077.json,https://youtube.com/watch?v=HBaB44blX3k
L20_V078.json,https://youtube.com/watch?v=Dkb1b9xktQI
L20_V079.json,https://youtube.com/watch?v=JCufpfPxqcQ
L20_V080.json,https://youtube.com/watch?v=vSjDqAuu_6c
L20_V081.json,https://youtube.com/watch?v=5otiHJV2CBg
L20_V082.json,https://youtube.com/watch?v=npV9GGFptxM
L20_V083.json,https://youtube.com/watch?v=U5u-EcA8KhQ
L20_V084.json,https://youtube.com/watch?v=HzLSfsQLcqU
L20_V085.json,https://youtube.com/watch?v=uDFXD71-N5M
L20_V086.json,https://youtube.com/watch?v=KBg2mzIJ_Zo
L20_V087.json,https://youtube.com/watch?v=tpUohW8k4tI
L20_V088.json,https://youtube.com/watch?v=OGN_Osp4Svo
L20_V089.json,https://youtube.com/watch?v=O3GKKDzrtIg
L20_V090.json,https://youtube.com/watch?v=3mhgEFzlJY0
L20_V091.json,https://youtube.com/watch?v=lhgwS2Xanpg
L20_V092.json,https://youtube.com/watch?v=PC9ITwMS83Y
L20_V093.json,https://youtube.com/watch?v=MdA3CU116hg
L20_V094.json,https://youtube.com/watch?v=J8KzKH2Avco
L20_V095.json,https://youtube.com/watch?v=6XlG89FtViw
L20_V096.json,https://youtube.com/watch?v=i_qacs4Ym3Y
L20_V097.json,https://youtube.com/watch?v=v1n6bqCY1ZE
L20_V098.json,https://youtube.com/watch?v=aQqk5dfNcZI
L20_V099.json,https://youtube.com/watch?v=e_q8bjPO6Zo
L20_V100.json,https://youtube.com/watch?v=cpH77D1FZ4U
